day,link
1,https://www.strava.com/activities/14183409725/pace-analysis
2,https://www.strava.com/activities/14199241559/pace-analysis
3,https://www.strava.com/activities/14203636241/pace-analysis
4,https://www.strava.com/activities/14212989157/pace-analysis
5,https://www.strava.com/activities/14223116873/pace-analysis
6,https://www.strava.com/activities/14232910848/pace-analysis
7,https://www.strava.com/activities/14251646042/pace-analysis
8,https://www.strava.com/activities/14251647233/pace-analysis
9,https://www.strava.com/activities/14261591698/pace-analysis
10,https://www.strava.com/activities/14271335975/pace-analysis
11,https://www.strava.com/activities/14280690129/pace-analysis
12,https://www.strava.com/activities/14289671180/pace-analysis
13,https://www.strava.com/activities/14300155784/pace-analysis
14,https://www.strava.com/activities/14310474611/pace-analysis
15,https://www.strava.com/activities/14321189741/pace-analysis
16,https://www.strava.com/activities/14331227873/pace-analysis
17,https://www.strava.com/activities/14342124212/pace-analysis
18,https://www.strava.com/activities/14353692259/pace-analysis
19,https://www.strava.com/activities/14362561885/pace-analysis
20,https://www.strava.com/activities/14374017104/pace-analysis
21,https://www.strava.com/activities/14383617531/pace-analysis
22,https://www.strava.com/activities/14393228839/pace-analysis
23,https://www.strava.com/activities/14403807559/pace-analysis
24,https://www.strava.com/activities/14414461617/pace-analysis
25,https://www.strava.com/activities/14424009122/pace-analysis
26,https://www.strava.com/activities/14433723610/pace-analysis
27,https://www.strava.com/activities/14444085547/pace-analysis
28,https://www.strava.com/activities/14454138970/pace-analysis
29,https://www.strava.com/activities/14465194780/pace-analysis
30,https://www.strava.com/activities/14476407508/pace-analysis
31,https://www.strava.com/activities/14487436627/pace-analysis
32,https://www.strava.com/activities/14496887333/pace-analysis
33,https://www.strava.com/activities/14513373437/pace-analysis
34,https://www.strava.com/activities/14517595480/pace-analysis
35,https://www.strava.com/activities/14526163121/pace-analysis